Timestamp,Zone,Capacity,Occupied,Occupancy_Rate
2026-09-01 00:00:00,Zone A (Retail),150,18,12
2026-09-01 01:00:00,Zone A (Retail),150,13,9
2026-09-01 02:00:00,Zone A (Retail),150,19,13
2026-09-01 03:00:00,Zone A (Retail),150,28,19
2026-09-01 04:00:00,Zone A (Retail),150,12,8
2026-09-01 05:00:00,Zone A (Retail),150,12,8
2026-09-01 06:00:00,Zone A (Retail),150,28,19
2026-09-01 07:00:00,Zone A (Retail),150,21,14
2026-09-01 08:00:00,Zone A (Retail),150,10,7
2026-09-01 09:00:00,Zone A (Retail),150,19,13
2026-09-01 10:00:00,Zone A (Retail),150,63,42
2026-09-01 11:00:00,Zone A (Retail),150,70,47
2026-09-01 12:00:00,Zone A (Retail),150,57,38
2026-09-01 13:00:00,Zone A (Retail),150,55,37
2026-09-01 14:00:00,Zone A (Retail),150,73,49
2026-09-01 15:00:00,Zone A (Retail),150,75,50
2026-09-01 16:00:00,Zone A (Retail),150,69,46
2026-09-01 17:00:00,Zone A (Retail),150,66,44
2026-09-01 18:00:00,Zone A (Retail),150,58,39
2026-09-01 19:00:00,Zone A (Retail),150,75,50
2026-09-01 20:00:00,Zone A (Retail),150,72,48
2026-09-01 21:00:00,Zone A (Retail),150,57,38
2026-09-01 22:00:00,Zone A (Retail),150,21,14
2026-09-01 23:00:00,Zone A (Retail),150,18,12
2026-09-01 00:00:00,Zone B (Office),200,16,8
2026-09-01 01:00:00,Zone B (Office),200,13,6
2026-09-01 02:00:00,Zone B (Office),200,14,7
2026-09-01 03:00:00,Zone B (Office),200,26,13
2026-09-01 04:00:00,Zone B (Office),200,6,3
2026-09-01 05:00:00,Zone B (Office),200,6,3
2026-09-01 06:00:00,Zone B (Office),200,26,13
2026-09-01 07:00:00,Zone B (Office),200,18,9
2026-09-01 08:00:00,Zone B (Office),200,170,85
2026-09-01 09:00:00,Zone B (Office),200,162,81
2026-09-01 10:00:00,Zone B (Office),200,158,79
2026-09-01 11:00:00,Zone B (Office),200,176,88
2026-09-01 12:00:00,Zone B (Office),200,158,79
2026-09-01 13:00:00,Zone B (Office),200,156,78
2026-09-01 14:00:00,Zone B (Office),200,178,89
2026-09-01 15:00:00,Zone B (Office),200,180,90
2026-09-01 16:00:00,Zone B (Office),200,172,86
2026-09-01 17:00:00,Zone B (Office),200,168,84
2026-09-01 18:00:00,Zone B (Office),200,158,79
2026-09-01 19:00:00,Zone B (Office),200,24,12
2026-09-01 20:00:00,Zone B (Office),200,22,11
2026-09-01 21:00:00,Zone B (Office),200,2,1
2026-09-01 22:00:00,Zone B (Office),200,22,11
2026-09-01 23:00:00,Zone B (Office),200,18,9
2026-09-01 00:00:00,Zone C (Residential),100,85,85
2026-09-01 01:00:00,Zone C (Residential),100,80,80
2026-09-01 02:00:00,Zone C (Residential),100,86,86
2026-09-01 03:00:00,Zone C (Residential),100,95,95
2026-09-01 04:00:00,Zone C (Residential),100,79,79
2026-09-01 05:00:00,Zone C (Residential),100,79,79
2026-09-01 06:00:00,Zone C (Residential),100,95,95
2026-09-01 07:00:00,Zone C (Residential),100,89,89
2026-09-01 08:00:00,Zone C (Residential),100,30,30
2026-09-01 09:00:00,Zone C (Residential),100,39,39
2026-09-01 10:00:00,Zone C (Residential),100,31,31
2026-09-01 11:00:00,Zone C (Residential),100,43,43
2026-09-01 12:00:00,Zone C (Residential),100,25,25
2026-09-01 13:00:00,Zone C (Residential),100,23,23
2026-09-01 14:00:00,Zone C (Residential),100,45,45
2026-09-01 15:00:00,Zone C (Residential),100,47,47
2026-09-01 16:00:00,Zone C (Residential),100,39,39
2026-09-01 17:00:00,Zone C (Residential),100,35,35
2026-09-01 18:00:00,Zone C (Residential),100,24,24
2026-09-01 19:00:00,Zone C (Residential),100,85,85
2026-09-01 20:00:00,Zone C (Residential),100,82,82
2026-09-01 21:00:00,Zone C (Residential),100,67,67
2026-09-01 22:00:00,Zone C (Residential),100,90,90
2026-09-01 23:00:00,Zone C (Residential),100,85,85
